{
    "support_precision": 0.4146341463414634,
    "support_recall": 0.40476190476190477,
    "support_f1": 0.4096385542168674,
    "attack_precision": 0.59375,
    "attack_recall": 0.4523809523809524,
    "attack_f1": 0.5135135135135135,
    "none_precision": 0.8821917808219178,
    "none_recall": 0.9096045197740112,
    "none_f1": 0.8956884561891516,
    "macro_f1": 0.6062801746398442
}