{
    "support_precision": 0.5135135135135135,
    "support_recall": 0.4523809523809524,
    "support_f1": 0.48101265822784806,
    "attack_precision": 1.0,
    "attack_recall": 0.26666666666666666,
    "attack_f1": 0.4210526315789474,
    "none_precision": 0.9162162162162162,
    "none_recall": 0.9576271186440678,
    "none_f1": 0.9364640883977902,
    "macro_f1": 0.6128431260681952
}