{
    "support_precision": 0.44680851063829785,
    "support_recall": 0.5,
    "support_f1": 0.47191011235955055,
    "attack_precision": 0.6666666666666666,
    "attack_recall": 0.47619047619047616,
    "attack_f1": 0.5555555555555556,
    "none_precision": 0.9030470914127424,
    "none_recall": 0.9209039548022598,
    "none_f1": 0.9118881118881119,
    "macro_f1": 0.646451259934406
}